Measure Names,Membership No.,Calculation1,Measure Values
usage,431706,2013,1294590
usage,123158,2013,1063494
usage,1052389,2013,334246
usage,1048622,2013,261859
usage,1050221,2013,258459
usage,1050540,2013,257604
usage,1048416,2013,228614
usage,1046311,2013,201684
usage,425990,2013,200866
usage,1050420,2013,174941
usage,1046249,2013,162814
usage,1047790,2013,159126
usage,1047658,2013,155357
usage,1048305,2013,153234
usage,1050760,2013,151946
usage,1050795,2013,132404
usage,1047706,2013,130198
usage,1048854,2013,129064
usage,1050256,2013,119577
usage,T3006C,2013,117622
usage,1050530,2013,112270
usage,1051084,2013,110383
usage,1052204,2013,110031
usage,1047789,2013,107885
usage,1049450,2013,105973
usage,1050566,2013,103378
usage,1051068,2013,102049
usage,1050315,2013,100333
usage,1050370,2013,97974
usage,1051809,2013,93566
usage,1052478,2013,91100
usage,1051834,2013,88463
usage,1047514,2013,87419
usage,1050210,2013,86954
usage,1050966,2013,84118
usage,1051556,2013,83764
usage,1050801,2013,82128
usage,1051587,2013,82126
usage,1050205,2013,81390
usage,1050080,2013,80479
usage,1050094,2013,80287
usage,1052920,2013,78216
usage,1051523,2013,73706
usage,1050479,2013,73433
usage,1051564,2013,73369
usage,1049999,2013,73048
usage,1047715,2013,72250
usage,1047639,2013,71122
usage,1049830,2013,69867
usage,1047546,2013,69524
usage,1051443,2013,68870
usage,1048488,2013,67798
usage,1049302,2013,67523
usage,1047605,2013,66472
usage,1051861,2013,66003
usage,1050013,2013,65562
usage,1047700,2013,65551
usage,1051956,2013,65437
usage,1047627,2013,65141
usage,1046235,2013,65117
usage,1051706,2013,64114
usage,1300809,2014,63692
usage,1051010,2013,63339
usage,1050587,2013,63006
usage,1048834,2013,62386
usage,1048831,2013,62010
usage,1051428,2013,61912
usage,1049082,2013,61766
usage,1047692,2013,61513
usage,1050921,2013,61345
usage,1051108,2013,60876
usage,1050762,2013,60649
usage,1048843,2013,60437
usage,1047775,2013,60263
usage,1051330,2013,59370
usage,1051129,2013,59309
usage,1047660,2013,58511
usage,1048533,2013,58268
usage,1050045,2013,57853
usage,1047743,2013,57463
usage,1051082,2013,57318
usage,1051496,2013,56605
usage,1054826,2013,56278
usage,1052245,2013,56093
usage,1049292,2013,55338
usage,1050712,2013,55313
usage,1047694,2013,55307
usage,1050466,2013,55240
usage,1051707,2013,55200
usage,1051593,2013,54990
usage,1051446,2013,54319
usage,1049787,2013,53356
usage,1047566,2013,52574
usage,1051637,2013,52461
usage,1052079,2013,51949
usage,1050979,2013,51775
usage,1047531,2013,51507
usage,1047760,2013,51344
usage,1051599,2013,51228
usage,1048848,2013,50819
usage,1050283,2013,50698
usage,1047669,2013,50623
usage,1051693,2013,49940
usage,1051499,2013,49585
usage,1048595,2013,49107
usage,1047702,2013,48966
usage,1056804,2013,48766
usage,1050552,2013,48568
usage,1050432,2013,48455
usage,1048663,2013,48282
usage,147520,2013,48229
usage,1046297,2013,48133
usage,1050430,2013,48024
usage,154071,2013,47869
usage,1048812,2013,47758
usage,1051448,2013,47450
usage,1049971,2013,46778
usage,1062565,2013,46714
usage,1048311,2013,46675
usage,1050453,2013,46183
usage,1047667,2013,46103
usage,1051600,2013,45718
usage,1050968,2013,45537
usage,1046222,2013,45468
usage,1051437,2013,44928
usage,1051864,2013,44838
usage,1048552,2013,44831
usage,1047632,2013,43912
usage,1051590,2013,43877
usage,1047564,2013,43124
usage,1047704,2013,42753
usage,1047642,2013,42696
usage,1051436,2013,42567
usage,1047698,2013,42455
usage,1047651,2013,42265
usage,1048725,2013,42171
usage,1047727,2013,41853
usage,1003707,2013,41505
usage,1051868,2013,41296
usage,1051049,2013,40682
usage,1050694,2013,40141
usage,1049427,2013,39978
usage,1047741,2013,39922
usage,1050964,2013,39423
usage,1051060,2013,39142
usage,1063157,2013,38844
usage,1048233,2013,38197
usage,1063788,2013,37966
usage,1050775,2013,37751
usage,1050594,2013,37497
usage,1049790,2013,36689
usage,1051102,2013,36560
usage,1050028,2013,36532
usage,1047800,2013,36468
usage,1055793,2013,36179
usage,1051684,2013,36148
usage,1051577,2013,36144
usage,1049800,2013,36143
usage,1047649,2013,36135
usage,1051465,2013,36005
usage,1050496,2013,35687
usage,1061074,2013,35515
usage,1046377,2013,35401
usage,1049972,2013,35300
usage,1048842,2013,35157
usage,1049253,2013,35015
usage,1050972,2013,34949
usage,1050086,2013,34907
usage,1048490,2013,34622
usage,1047528,2013,34610
usage,1052391,2013,34469
usage,1052227,2013,34373
usage,1059317,2013,34291
usage,1049599,2013,34229
usage,1049290,2013,34132
usage,1050965,2013,34079
usage,1049992,2013,34055
usage,1047736,2013,33936
usage,1049974,2013,33201
usage,306362,2013,33188
usage,1047657,2013,33165
usage,1051329,2013,32966
usage,1048557,2013,32888
usage,135667,2013,32738
usage,1050473,2013,32624
usage,1051653,2013,32440
usage,1050449,2013,32435
usage,1050090,2013,32419
usage,1050360,2013,32288
usage,1048836,2013,31614
usage,1049287,2013,31546
usage,1047720,2013,31279
usage,1060426,2013,31090
usage,1050303,2013,31055
usage,1050798,2013,30987
usage,1050600,2013,30790
usage,1049987,2013,30571
usage,1050719,2013,30476
usage,1051528,2013,30420
usage,1050293,2013,30415
usage,1051122,2013,29967
usage,1050091,2013,29685
usage,1050388,2013,29523
usage,1051095,2013,29126
usage,1050041,2013,29016
usage,1050271,2013,28913
usage,1047785,2013,28806
usage,1047685,2013,28749
usage,1051594,2013,28731
usage,1050047,2013,28458
usage,1048421,2013,28422
usage,1051555,2013,28233
usage,1050128,2013,28152
usage,1047302,2013,28021
usage,1048626,2013,27918
usage,1051543,2013,27896
usage,1050738,2013,27480
usage,1050484,2013,27422
usage,136151,2013,27411
usage,1047739,2013,27374
usage,1050696,2013,27125
usage,1051114,2013,26724
usage,1048553,2013,26616
usage,1051430,2013,26605
usage,1051410,2013,26557
usage,1049233,2013,26267
usage,1050802,2013,26227
usage,1046376,2013,25876
usage,1050747,2013,25711
usage,1050224,2013,25689
usage,1047795,2013,25638
usage,1049320,2013,25432
usage,1052163,2013,25258
usage,1048840,2013,25140
usage,1050369,2013,25111
usage,1047697,2013,25016
usage,1050776,2013,24981
usage,1047748,2013,24923
usage,1122423,2013,24820
usage,1049128,2013,24585
usage,1047729,2013,24482
usage,1051043,2013,24172
usage,1048227,2013,24143
usage,1049811,2013,24133
usage,1046260,2013,24013
usage,1051085,2013,23831
usage,1047661,2013,23822
usage,1048551,2013,23806
usage,1048254,2013,23704
usage,1048723,2013,23682
usage,1050323,2013,23306
usage,1050088,2013,23040
usage,122701,2013,22927
usage,1048852,2013,22916
usage,1050336,2013,22859
usage,1052385,2013,22788
usage,1049525,2013,22485
usage,152189,2013,22435
usage,1050686,2013,22305
usage,1048438,2013,22088
usage,1047691,2013,22019
usage,1049190,2013,22006
usage,1051575,2013,21944
usage,1049109,2013,21833
usage,1049969,2013,21734
usage,1059787,2013,21668
usage,1046317,2013,21619
usage,1050169,2013,21553
usage,1048524,2013,21551
usage,1047189,2013,21494
usage,1049802,2013,21400
usage,1051504,2013,21241
usage,1047665,2013,21086
usage,157444,2013,20985
usage,1050196,2013,20843
usage,1048859,2013,20839
usage,1050016,2013,20596
usage,1049400,2013,20542
usage,1050118,2013,20516
usage,1049464,2013,20355
usage,1077122,2013,20231
usage,1047213,2013,20149
usage,1050087,2013,20005
usage,1051044,2013,19934
usage,1050407,2013,19917
usage,1056496,2013,19915
usage,1049917,2013,19829
usage,1047836,2013,19821
usage,1047781,2015,19629
usage,1052206,2013,19620
usage,1050568,2013,19608
usage,1049961,2013,19030
usage,1050706,2013,19030
usage,1047526,2013,18861
usage,1047523,2013,18798
usage,143621,2013,18793
usage,CINFO102,2013,18775
usage,1047628,2013,18736
usage,1050531,2013,18578
usage,1048555,2013,18529
usage,1065436,2013,18510
usage,1048435,2013,18476
usage,1051500,2013,18458
usage,1051701,2013,18436
usage,1103641,2013,18419
usage,1050374,2013,18416
usage,1049232,2013,18125
usage,1050589,2013,18125
usage,1302070,2013,18079
usage,1047192,2013,18029
usage,1049222,2013,18016
usage,1052488,2013,17830
usage,1047759,2013,17771
usage,1051628,2013,17731
usage,1051409,2013,17671
usage,1048675,2013,17665
usage,364711,2013,17635
usage,1078173,2013,17546
usage,1051123,2013,17431
usage,1048644,2013,17316
usage,1050216,2013,17292
usage,1051406,2013,17278
usage,1048035,2013,17262
usage,1050827,2013,17146
usage,1047806,2013,17130
usage,1050352,2013,16993
usage,1050142,2013,16861
usage,1047765,2013,16817
usage,1047637,2013,16805
usage,1089822,2013,16796
usage,1056530,2013,16721
usage,152746,2013,16632
usage,1049556,2013,16620
usage,1049966,2013,16555
usage,1050072,2013,16547
usage,1049950,2013,16477
usage,1051427,2013,16335
usage,1049506,2013,16321
usage,1050146,2013,16235
usage,1048307,2013,16176
usage,1061059,2013,16168
usage,1050260,2013,16164
usage,1046346,2013,16077
usage,1050934,2013,16019
usage,1048719,2013,15992
usage,1050297,2013,15983
usage,1047346,2013,15981
usage,1052217,2013,15971
usage,1050149,2013,15958
usage,1048566,2013,15789
usage,1047763,2013,15739
usage,1049305,2013,15735
usage,1050276,2013,15727
usage,1282373,2014,15684
usage,1050117,2013,15578
usage,149253,2013,15551
usage,1051433,2013,15541
usage,1047635,2013,15458
usage,1050068,2013,15419
usage,1058340,2013,15360
usage,1052277,2013,15153
usage,1048487,2013,15109
usage,1047796,2013,15079
usage,1050913,2013,14990
usage,1049504,2013,14955
usage,1047193,2013,14918
usage,1050055,2013,14900
usage,1050212,2013,14859
usage,1048230,2013,14829
usage,1051488,2013,14754
usage,1050629,2013,14688
usage,1047742,2013,14683
usage,1050278,2013,14632
usage,1050969,2013,14612
usage,1048687,2013,14605
usage,1051120,2013,14448
usage,1048550,2013,14397
usage,1050397,2013,14383
usage,1048733,2013,14373
usage,1048556,2013,14366
usage,1048913,2013,14303
usage,1051075,2013,14287
usage,1050203,2013,14230
usage,1052170,2013,14230
usage,159632,2013,14168
usage,1048919,2013,14139
usage,1050633,2014,14079
usage,1047650,2013,14070
usage,1050617,2013,14066
usage,1052284,2013,13884
usage,1049372,2013,13775
usage,1051709,2013,13729
usage,145343,2013,13663
usage,1028489,2013,13650
usage,1050607,2013,13624
usage,1052016,2013,13557
usage,1047595,2013,13466
usage,1085376,2013,13392
usage,1051858,2013,13390
usage,1050598,2013,13380
usage,1049337,2013,13374
usage,1050145,2013,13350
usage,1050931,2013,13292
usage,136783,2013,13290
usage,1049518,2013,13255
usage,1048241,2013,13254
usage,1051710,2013,13169
usage,200125470,2015,13102
usage,1050372,2013,13056
usage,1081264,2013,13043
usage,1051408,2013,13041
usage,1062310,2013,12856
usage,1048492,2013,12790
usage,405014,2013,12784
usage,1047738,2013,12707
usage,1048827,2013,12684
usage,1049483,2013,12556
usage,1049215,2013,12491
usage,1051438,2013,12468
usage,1051633,2013,12451
usage,1051462,2013,12433
usage,1051463,2013,12433
usage,153283,2013,12427
usage,1050340,2013,12416
usage,1048648,2013,12406
usage,1049137,2013,12399
usage,1048835,2013,12311
usage,1049462,2013,12286
usage,1047797,2013,12281
usage,1046295,2013,12273
usage,1049334,2013,12263
usage,422751,2013,12240
usage,1048679,2013,12191
usage,1050516,2013,12147
usage,1052084,2013,12067
usage,1049554,2013,11967
usage,1052267,2013,11964
usage,1049021,2013,11897
usage,1001513,2013,11878
usage,1050079,2013,11875
usage,1050373,2013,11802
usage,1047693,2013,11782
usage,1048528,2013,11761
usage,1051455,2013,11753
usage,1060431,2013,11709
usage,1049288,2013,11568
usage,143031,2015,11563
usage,1051679,2013,11546
usage,1048544,2013,11545
usage,1068822,2013,11477
usage,1051101,2013,11430
usage,1046364,2013,11421
usage,1049017,2013,11402
usage,1050156,2013,11388
usage,1047548,2013,11384
usage,1048830,2013,11377
usage,1048647,2013,11371
usage,1051873,2013,11352
usage,1049416,2013,11341
usage,1048445,2013,11320
usage,257620,2013,11207
usage,1050384,2013,11197
usage,1050815,2013,11169
usage,1047549,2013,11159
usage,323124,2013,11064
usage,1048446,2013,11061
usage,1050197,2013,11059
usage,1050812,2013,11056
usage,1048484,2013,11035
usage,1049391,2013,11018
usage,1050188,2013,11014
usage,1048721,2013,11010
usage,1059055,2013,10947
usage,1052243,2013,10758
usage,1050269,2013,10713
usage,1049959,2013,10648
usage,1050527,2013,10550
usage,CINFO105,2013,10541
usage,1047708,2013,10517
usage,1050267,2013,10476
usage,1047626,2013,10460
usage,1047749,2013,10454
usage,1047111,2013,10444
usage,1047740,2013,10422
usage,1052192,2013,10299
usage,1051106,2013,10280
usage,1049550,2013,10260
usage,1051665,2013,10235
usage,1050791,2013,10163
usage,1051058,2013,10139
usage,1049133,2013,10068
usage,1048718,2013,10042
usage,1059054,2013,10019
usage,1051885,2013,10014
usage,1048743,2013,10000
usage,1047762,2013,9991
usage,1109223,2013,9966
usage,1051070,2013,9963
usage,1050107,2014,9938
usage,1050958,2013,9843
usage,1048826,2013,9830
usage,1049535,2013,9808
usage,1052238,2013,9802
usage,1070342,2013,9786
usage,1050499,2013,9761
usage,1051254,2013,9717
usage,1047801,2013,9679
usage,1048567,2013,9669
usage,1049227,2013,9642
usage,1051439,2013,9581
usage,1052183,2013,9560
usage,150988,2013,9556
usage,1050021,2013,9512
usage,1052275,2013,9512
usage,141295,2013,9496
usage,1048855,2013,9424
usage,157615,2013,9423
usage,1047613,2013,9413
usage,1050579,2013,9396
usage,1048738,2013,9387
usage,1048685,2013,9340
usage,1050265,2013,9334
usage,1051471,2013,9333
usage,1051061,2013,9331
usage,1050114,2013,9322
usage,442098,2013,9300
usage,1051426,2013,9282
usage,1051691,2013,9228
usage,1051641,2013,9168
usage,1048527,2013,9167
usage,1050450,2013,9165
usage,1060806,2013,9146
usage,1033832,2013,9143
usage,1047671,2013,9143
usage,1050020,2013,9136
usage,1050640,2013,9085
usage,1047818,2013,9050
usage,1051596,2013,9014
usage,CINFO101,2013,9014
usage,1063735,2013,8999
usage,1050304,2013,8930
usage,158210,2013,8858
usage,1049134,2013,8831
usage,442258,2013,8808
usage,1048621,2013,8788
usage,1050577,2013,8757
usage,150944,2013,8721
usage,368508,2013,8678
usage,1047707,2013,8673
usage,1051457,2013,8668
usage,1047521,2013,8666
usage,1050817,2013,8636
usage,1050143,2013,8624
usage,1051432,2013,8619
usage,1048548,2013,8571
usage,1048732,2013,8566
usage,1132264,2013,8519
usage,1051080,2013,8504
usage,1048914,2013,8472
usage,1050688,2013,8464
usage,1052005,2013,8453
usage,1049390,2013,8440
usage,1050423,2013,8422
usage,1051579,2013,8409
usage,1048043,2013,8398
usage,1048666,2013,8354
usage,1048437,2013,8337
usage,1049502,2013,8337
usage,458881,2013,8329
usage,1089002,2013,8292
usage,1051582,2013,8283
usage,1087724,2013,8281
usage,1050745,2013,8241
usage,1047767,2013,8230
usage,1050130,2013,8229
usage,1051574,2013,8199
usage,450981,2013,8189
usage,1049242,2013,8184
usage,1001327,2013,8180
usage,1048559,2013,8180
usage,1256395,2014,8157
usage,1050928,2013,8156
usage,1046240,2013,8133
usage,310916,2013,8105
usage,1049604,2013,8083
usage,327282,2013,8077
usage,1051544,2013,8041
usage,1048582,2013,7996
usage,1051447,2013,7995
usage,1050833,2013,7976
usage,1046266,2013,7969
usage,1050635,2013,7929
usage,1046308,2013,7907
usage,1050569,2013,7907
usage,1051703,2013,7898
usage,1050298,2013,7874
usage,1051243,2013,7858
usage,1051492,2013,7848
usage,1051484,2013,7836
usage,1047334,2013,7807
usage,1047689,2013,7795
usage,1050936,2013,7754
usage,511485,2013,7741
usage,1060956,2013,7681
usage,1050734,2013,7659
usage,1049531,2013,7649
usage,1051635,2013,7643
usage,1051880,2015,7637
usage,1050187,2013,7631
usage,1050351,2013,7596
usage,1051517,2013,7592
usage,1050242,2013,7583
usage,1046239,2013,7569
usage,1050261,2013,7533
usage,1050039,2013,7474
usage,1049530,2013,7446
usage,121631,2013,7441
usage,1049209,2013,7436
usage,1047554,2013,7431
usage,1050138,2013,7411
usage,1048838,2013,7394
usage,1051674,2013,7383
usage,1048420,2013,7375
usage,1051078,2013,7350
usage,1051888,2013,7346
usage,1067870,2013,7339
usage,1047319,2013,7335
usage,1051560,2013,7329
usage,1047121,2013,7304
usage,1133124,2013,7288
usage,365044,2013,7254
usage,1109042,2013,7250
usage,1052226,2013,7233
usage,1047557,2013,7227
usage,1048561,2013,7131
usage,1050257,2013,7127
usage,1052392,2013,7115
usage,1051670,2013,7109
usage,1049460,2013,7091
usage,1048939,2013,7058
usage,1047713,2013,7057
usage,1111678,2013,7037
usage,1048903,2013,7035
usage,1050675,2013,7031
usage,1048538,2013,7002
usage,1050321,2013,7002
usage,1051592,2014,6995
usage,1240307,2014,6982
usage,1049522,2013,6915
usage,1049440,2013,6914
usage,1051688,2013,6909
usage,1048549,2013,6889
usage,1050195,2013,6876
usage,320487,2013,6841
usage,1048615,2013,6832
usage,1048653,2013,6803
usage,1051847,2013,6781
usage,1048523,2013,6765
usage,1046383,2013,6759
usage,1050550,2013,6756
usage,249382,2013,6742
usage,1049587,2013,6729
usage,1047764,2013,6709
usage,1046309,2013,6707
usage,1048920,2013,6683
usage,1082793,2013,6657
usage,1048858,2013,6602
usage,1049510,2013,6588
usage,1047662,2013,6575
usage,1050405,2013,6564
usage,1052268,2013,6543
usage,1050580,2013,6539
usage,1374062,2016,6520
usage,1050485,2013,6502
usage,1004061,2013,6501
usage,1050076,2013,6493
usage,1049276,2013,6472
usage,1047585,2013,6469
usage,1049452,2013,6465
usage,1051072,2013,6432
usage,1050592,2013,6406
usage,139806,2013,6400
usage,1050132,2013,6396
usage,1047127,2013,6371
usage,147906,2013,6365
usage,1081378,2013,6353
usage,1052384,2013,6339
usage,1052279,2013,6322
usage,1050426,2013,6296
usage,147280,2013,6296
usage,1046327,2013,6294
usage,1047711,2013,6277
usage,1047210,2013,6267
usage,1046277,2013,6261
usage,1048828,2013,6258
usage,511430,2013,6252
usage,1048554,2013,6247
usage,1089820,2013,6241
usage,137491,2013,6201
usage,1056702,2013,6186
usage,1049812,2013,6184
usage,1050116,2013,6180
usage,124729,2013,6115
usage,124332,2013,6109
usage,1050671,2013,6101
usage,1048623,2013,6081
usage,000001032036,2013,6078
usage,1049255,2013,6077
usage,1049586,2013,6016
usage,1063732,2013,6013
usage,1050081,2013,6009
usage,1046250,2013,5989
usage,1059662,2013,5989
usage,1051673,2013,5967
usage,1051047,2013,5958
usage,1048049,2016,5955
usage,1077359,2013,5947
usage,1066834,2013,5941
usage,1049524,2013,5906
usage,1060360,2013,5904
usage,1050350,2013,5893
usage,1051320,2013,5893
usage,1047787,2013,5886
usage,1048213,2016,5871
usage,1048215,2016,5871
usage,144351,2013,5870
usage,1049084,2013,5869
usage,1050413,2013,5857
usage,1049547,2013,5855
usage,1052019,2013,5854
usage,1047536,2013,5835
usage,1048212,2015,5806
usage,1048850,2013,5804
usage,1047773,2013,5801
usage,1048726,2013,5795
usage,1051086,2013,5759
usage,1051113,2013,5750
usage,1050970,2013,5724
usage,445041,2013,5703
usage,1050565,2013,5692
usage,1052671,2013,5675
usage,1051648,2013,5660
usage,1047663,2013,5648
usage,1051431,2013,5621
usage,1047699,2013,5619
usage,1050909,2013,5613
usage,1050007,2013,5591
usage,1048922,2013,5589
usage,1048199,2016,5561
usage,1049089,2013,5556
usage,1050562,2013,5556
usage,405003,2013,5542
usage,1048638,2013,5517
usage,1049449,2013,5516
usage,1050543,2013,5509
usage,1050810,2013,5498
usage,1084695,2013,5482
usage,460293,2013,5482
usage,1049461,2013,5481
usage,1047340,2013,5458
usage,1057974,2013,5441
usage,1048941,2014,5431
usage,238105,2013,5429
usage,1050943,2013,5408
usage,1051805,2013,5394
usage,1109121,2013,5392
usage,154399,2013,5387
usage,1048678,2013,5384
usage,1052235,2013,5384
usage,1049027,2013,5331
usage,150900,2013,5323
usage,1071558,2014,5318
usage,508152,2013,5300
usage,1050200,2013,5294
usage,1050129,2013,5285
usage,1051625,2013,5285
usage,334200,2013,5281
usage,511237,2013,5260
usage,1328282,2015,5225
usage,1093047,2013,5212
usage,1052269,2013,5196
usage,1063736,2013,5194
usage,153909,2013,5191
usage,1051889,2013,5186
usage,1048600,2013,5173
usage,1051126,2013,5170
usage,1051875,2013,5167
usage,1050069,2013,5162
usage,1048825,2013,5145
usage,1048052,2015,5139
usage,1109682,2013,5112
usage,1050082,2013,5102
usage,1050691,2013,5077
usage,1048539,2013,5073
usage,136127,2013,5067
usage,1052274,2013,5064
usage,1081370,2013,5038
usage,1048737,2013,4971
usage,1049254,2013,4966
usage,1051127,2013,4945
usage,1050302,2013,4944
usage,1125979,2013,4938
usage,1049248,2013,4937
usage,1047768,2013,4925
usage,1051662,2013,4925
usage,1052419,2013,4921
usage,1086447,2013,4910
usage,1050218,2013,4902
usage,452014,2013,4885
usage,1068940,2013,4866
usage,1051121,2013,4854
usage,1061807,2013,4854
usage,1051045,2013,4852
usage,1079713,2013,4850
usage,1050177,2013,4849
usage,1056809,2013,4849
usage,1048918,2013,4848
usage,160540,2013,4846
usage,1048833,2013,4826
usage,1051598,2013,4820
usage,1047313,2013,4789
usage,268241,2013,4781
usage,1109224,2013,4778
usage,1049445,2013,4776
usage,1058178,2013,4754
usage,1048242,2013,4751
usage,1047223,2013,4737
usage,1049496,2013,4724
usage,1050102,2013,4713
usage,443771,2013,4698
usage,1048489,2013,4676
usage,1050198,2013,4665
usage,1049492,2013,4664
usage,1047324,2013,4658
usage,1056527,2013,4638
usage,1050057,2013,4633
usage,1048436,2013,4631
usage,1047326,2013,4629
usage,141071,2013,4623
usage,1047647,2013,4607
usage,1050914,2013,4604
usage,364700,2013,4586
usage,1047835,2013,4562
usage,1048240,2013,4553
usage,1068246,2013,4541
usage,1059796,2013,4533
usage,1049831,2013,4531
usage,136821,2013,4531
usage,1050616,2013,4519
usage,1048316,2014,4497
usage,1052285,2013,4492
usage,1050329,2013,4487
usage,1050124,2013,4480
usage,1050093,2013,4459
usage,1051323,2013,4451
usage,1049289,2013,4430
usage,1240268,2014,4420
usage,1050006,2013,4419
usage,1050380,2013,4412
usage,1050258,2013,4409
usage,1049813,2013,4398
usage,1050480,2013,4358
usage,1052022,2013,4357
usage,1050166,2016,4349
usage,1050907,2013,4315
usage,1049011,2013,4306
usage,1051445,2013,4298
usage,1048214,2016,4297
usage,1050977,2013,4296
usage,1046366,2013,4291
usage,1077083,2013,4290
usage,1050602,2013,4289
usage,1050037,2013,4277
usage,1049960,2013,4270
usage,1050354,2013,4265
usage,1049356,2013,4246
usage,1050153,2013,4246
usage,1063142,2013,4227
usage,1051487,2013,4217
usage,503614,2013,4215
usage,1048944,2013,4213
usage,440376,2013,4193
usage,1048041,2013,4191
usage,1109118,2013,4184
usage,1056731,2013,4170
usage,1017724,2013,4165
usage,1050266,2013,4163
usage,1051459,2013,4145
usage,1050296,2013,4141
usage,1047766,2013,4129
usage,452830,2013,4127
usage,1117010,2013,4123
usage,1051602,2013,4115
usage,1049810,2013,4088
usage,150332,2013,4083
usage,1049511,2013,4081
usage,1051083,2013,4078
usage,1048481,2013,4070
usage,1047120,2013,4068
usage,1050268,2014,4064
usage,1049534,2013,4052
usage,1051689,2013,4042
usage,1050769,2013,4020
usage,450857,2013,4005
usage,147382,2013,3995
usage,1051580,2013,3990
usage,1050194,2013,3988
usage,1051535,2013,3985
usage,307081,2013,3985
usage,140168,2013,3978
usage,1049934,2013,3958
usage,1049463,2013,3916
usage,1048599,2013,3914
usage,1050147,2013,3913
usage,1048690,2013,3911
usage,1049214,2013,3911
usage,1051093,2013,3909
usage,1050105,2013,3904
usage,1050097,2013,3890
usage,1047630,2013,3883
usage,507659,2013,3869
usage,1049197,2013,3862
usage,314509,2013,3852
usage,1050375,2013,3834
usage,1048688,2013,3828
usage,508061,2013,3825
usage,445019,2013,3797
usage,1001764,2013,3794
usage,1051526,2013,3790
usage,1046328,2013,3776
usage,518351,2013,3769
usage,1047606,2013,3759
usage,1049918,2013,3755
usage,1047190,2013,3752
usage,1049497,2013,3732
usage,1062003,2013,3727
usage,453163,2013,3719
usage,1047534,2013,3712
usage,1047540,2013,3705
usage,1048560,2013,3698
usage,1050685,2013,3677
usage,1047703,2013,3666
usage,1046231,2013,3663
usage,1048541,2013,3649
usage,1051452,2014,3646
usage,1051666,2013,3641
usage,1051536,2013,3639
usage,1050554,2013,3614
usage,1048580,2013,3612
usage,1049468,2013,3586
usage,448505,2013,3569
usage,309941,2013,3565
usage,1049401,2013,3558
usage,444730,2013,3553
usage,1049224,2013,3541
usage,1057858,2013,3527
usage,1115059,2013,3515
usage,449791,2013,3482
usage,1047731,2013,3475
usage,1050000,2013,3460
usage,1048531,2013,3454
usage,1046310,2013,3453
usage,1058284,2013,3442
usage,1051383,2013,3413
usage,1050070,2013,3399
usage,156270,2013,3395
usage,1056499,2013,3392
usage,1028101,2013,3389
usage,124478,2013,3382
usage,1049127,2013,3381
usage,1050724,2013,3380
usage,1107158,2013,3380
usage,370973,2013,3369
usage,1055782,2013,3366
usage,525366,2013,3364
usage,1061382,2013,3355
usage,1222969,2014,3355
usage,1051415,2013,3344
usage,1050692,2013,3339
usage,1048748,2013,3337
usage,152939,2013,3324
usage,1055700,2014,3321
usage,304618,2013,3315
usage,460861,2013,3315
usage,1049528,2013,3314
usage,1051654,2013,3306
usage,1050103,2013,3298
usage,1048837,2013,3282
usage,1049364,2013,3270
usage,1050674,2013,3268
usage,1076657,2013,3262
usage,1049507,2013,3261
usage,1050025,2013,3254
usage,123828,2013,3251
usage,1049389,2015,3246
usage,1049249,2013,3206
usage,1051160,2013,3196
usage,1046324,2013,3195
usage,450890,2013,3185
usage,159337,2013,3184
usage,1050768,2013,3181
usage,1050756,2013,3149
usage,155961,2013,3138
usage,1049429,2013,3131
usage,155391,2013,3131
usage,1051509,2013,3126
usage,1050799,2013,3122
usage,1293147,2014,3115
usage,385063,2013,3113
usage,1047723,2013,3112
usage,1066853,2013,3112
usage,1050472,2013,3101
usage,1049807,2013,3099
usage,1087837,2013,3085
usage,1051103,2013,3083
usage,444810,2013,3072
usage,140576,2013,3069
usage,417476,2013,3066
usage,1109757,2013,3057
usage,450802,2013,3057
usage,1068245,2013,3043
usage,1047222,2013,3029
usage,CINFO104,2013,3028
usage,1050676,2013,3024
usage,449621,2013,3024
usage,1050515,2013,3009
usage,1050703,2013,3008
usage,1052666,2013,3008
usage,442189,2013,3003
usage,135689,2013,2999
usage,147939,2013,2995
usage,1052186,2013,2994
usage,1051451,2013,2991
usage,1046320,2013,2990
usage,1051890,2013,2989
usage,400597,2013,2988
usage,1052083,2013,2985
usage,1057100,2013,2969
usage,1050710,2013,2955
usage,1047770,2013,2945
usage,160824,2013,2942
usage,1061386,2013,2939
usage,1047656,2013,2918
usage,305938,2013,2917
usage,1052201,2013,2908
usage,1047547,2013,2906
usage,1050377,2013,2895
usage,362614,2013,2882
usage,1048899,2013,2881
usage,150376,2013,2879
usage,1049775,2013,2869
usage,1051713,2013,2869
usage,1050937,2013,2868
usage,1056805,2013,2862
usage,1050227,2013,2842
usage,1046313,2013,2841
usage,1046115,2013,2826
usage,1047757,2015,2821
usage,1047629,2013,2820
usage,1047732,2013,2820
usage,1050364,2013,2812
usage,148443,2013,2811
usage,134595,2013,2805
usage,1047307,2013,2802
usage,453913,2013,2799
usage,1049488,2013,2797
usage,1048616,2013,2796
usage,1050504,2013,2793
usage,1056497,2013,2792
usage,1051370,2013,2789
usage,137935,2013,2789
usage,1050601,2013,2786
usage,372480,2013,2785
usage,1050952,2014,2784
usage,1050771,2013,2781
usage,1047645,2014,2774
usage,446565,2013,2773
usage,1300365,2014,2757
usage,157353,2013,2745
usage,1048642,2013,2743
usage,503567,2013,2739
usage,1050658,2013,2735
usage,1050011,2013,2733
usage,1050584,2013,2729
usage,125288,2013,2727
usage,1047659,2013,2716
usage,1050927,2013,2709
usage,1048251,2013,2708
usage,1047648,2013,2692
usage,1060510,2013,2679
usage,1051808,2013,2668
usage,1046264,2013,2664
usage,507794,2013,2663
usage,1051677,2013,2662
usage,1130806,2013,2662
usage,1047215,2013,2656
usage,1050960,2013,2642
usage,1083999,2013,2642
usage,1050470,2013,2641
usage,1048226,2013,2640
usage,1050794,2013,2635
usage,1050493,2013,2633
usage,147861,2013,2628
usage,1048722,2013,2625
usage,1051414,2013,2623
usage,1048526,2013,2622
usage,1048308,2013,2614
usage,1051292,2013,2614
usage,1068234,2013,2613
usage,1047209,2013,2607
usage,1047550,2013,2604
usage,1049216,2014,2604
usage,125164,2013,2602
usage,1049332,2013,2592
usage,1047181,2013,2589
usage,143971,2013,2588
usage,507841,2013,2587
usage,1046322,2013,2580
usage,1049395,2013,2573
usage,1055701,2013,2570
usage,1050199,2013,2569
usage,1050714,2013,2567
usage,149446,2013,2563
usage,1059356,2013,2559
usage,1047183,2013,2544
usage,1050092,2013,2544
usage,1001920,2013,2535
usage,121551,2013,2525
usage,1047774,2013,2523
usage,1046224,2013,2518
usage,1043411,2013,2513
usage,1263711,2014,2507
usage,1051804,2013,2505
usage,1047735,2013,2502
usage,1049010,2013,2501
usage,452659,2013,2498
usage,1049244,2013,2494
usage,1049529,2013,2463
usage,1048312,2013,2450
usage,1052266,2013,2448
usage,1048839,2013,2443
usage,1049414,2013,2440
usage,1064893,2013,2433
usage,1051440,2013,2432
usage,1048921,2013,2430
usage,1087890,2013,2428
usage,456219,2013,2428
usage,1049393,2013,2425
usage,457980,2013,2421
usage,1049271,2013,2416
usage,1075819,2013,2414
usage,146018,2013,2396
usage,1050564,2014,2394
usage,311770,2013,2385
usage,1049026,2013,2378
usage,1081376,2014,2357
usage,135771,2013,2355
usage,452896,2013,2354
usage,1109123,2013,2351
usage,1047646,2013,2337
usage,1050084,2013,2335
usage,1048613,2013,2332
usage,1050690,2013,2330
usage,453618,2013,2325
usage,1050389,2013,2322
usage,1046321,2013,2320
usage,1050062,2013,2319
usage,446011,2015,2314
usage,449585,2013,2311
usage,1050429,2013,2310
usage,1049446,2013,2302
usage,1051566,2013,2300
usage,1051472,2013,2296
usage,454676,2013,2294
usage,1047126,2013,2293
usage,1048640,2013,2287
usage,305441,2013,2283
usage,1047824,2014,2279
usage,446474,2013,2279
usage,1049230,2013,2275
usage,1050120,2013,2257
usage,1050588,2013,2254
usage,1076668,2013,2254
usage,1051412,2013,2251
usage,1122015,2013,2245
usage,1049194,2013,2234
usage,1050560,2013,2230
usage,1049495,2013,2224
usage,510611,2013,2224
usage,1050729,2013,2222
usage,1046296,2013,2206
usage,289194,2013,2204
usage,1010785,2013,2199
usage,1049370,2013,2199
usage,1063486,2013,2191
usage,456731,2013,2191
usage,1050975,2013,2187
usage,450267,2013,2185
usage,1049458,2013,2183
usage,1062103,2013,2180
usage,451995,2013,2178
usage,1050621,2013,2173
usage,1050059,2013,2165
usage,1049777,2013,2155
usage,452874,2013,2154
usage,448480,2013,2148
usage,154504,2013,2147
usage,450755,2013,2145
usage,1386805,2016,2143
usage,1049273,2013,2132
usage,1048819,2013,2130
usage,1050313,2013,2126
usage,1109225,2013,2123
usage,1050957,2013,2116
usage,1051468,2013,2116
usage,1050391,2013,2111
usage,1050774,2013,2107
usage,1050402,2013,2104
usage,362476,2013,2104
usage,1049772,2013,2102
usage,1048578,2014,2100
usage,153931,2013,2095
usage,1119728,2013,2086
usage,452901,2013,2084
usage,1048244,2013,2082
usage,1048632,2013,2080
usage,1046312,2013,2074
usage,1051291,2013,2071
usage,138789,2013,2071
usage,1051470,2013,2065
usage,1051450,2013,2061
usage,1050930,2013,2059
usage,1050961,2013,2059
usage,1051578,2013,2058
usage,1110460,2013,2054
usage,125812,2013,2053
usage,1047112,2013,2050
usage,1049600,2013,2047
usage,1051272,2013,2043
usage,1047332,2013,2038
usage,1050630,2013,2029
usage,146233,2013,2027
usage,1048853,2013,2018
usage,1051639,2013,2013
usage,371127,2013,2012
usage,1050206,2013,2007
usage,1034080,2014,2005
usage,1050140,2013,2000
usage,1050192,2013,1990
usage,200124503,2013,1983
usage,1050035,2013,1980
usage,1046363,2013,1979
usage,369690,2013,1979
usage,1050821,2013,1974
usage,1050311,2013,1970
usage,1052832,2013,1968
usage,1050042,2013,1961
usage,1051601,2013,1958
usage,1051295,2013,1956
usage,1050338,2013,1952
usage,1050066,2013,1951
usage,1051495,2013,1950
usage,1304987,2014,1950
usage,1089886,2013,1946
usage,1050368,2013,1942
usage,1050974,2013,1934
usage,418785,2013,1934
usage,1050465,2013,1928
usage,525242,2013,1927
usage,1056498,2013,1926
usage,456605,2013,1925
usage,1050151,2013,1921
usage,1050127,2013,1920
usage,1048608,2013,1915
usage,1052276,2013,1913
usage,150354,2013,1907
usage,1047589,2013,1899
usage,1051458,2013,1899
usage,508119,2013,1893
usage,136218,2013,1885
usage,1049185,2013,1878
usage,1049207,2013,1875
usage,1051444,2013,1875
usage,1109765,2013,1873
usage,1049241,2013,1861
usage,1050780,2013,1855
usage,1051469,2013,1855
usage,1046382,2013,1851
usage,1050113,2013,1848
usage,1049441,2013,1842
usage,1058897,2013,1842
usage,1050417,2013,1838
usage,1050681,2014,1834
usage,1047688,2013,1827
usage,1049973,2013,1824
usage,1048534,2013,1823
usage,1050228,2013,1819
usage,1051881,2013,1819
usage,1046373,2013,1818
usage,1050022,2013,1816
usage,1125922,2013,1816
usage,1050150,2013,1812
usage,1046300,2013,1806
usage,1050274,2013,1806
usage,1057681,2013,1806
usage,139158,2013,1805
usage,364143,2013,1802
usage,1050071,2013,1801
usage,1050844,2013,1801
usage,1047780,2013,1789
usage,1049982,2013,1789
usage,1051646,2013,1788
usage,307321,2013,1786
usage,1063155,2013,1784
usage,1051260,2013,1783
usage,1049916,2013,1782
usage,155380,2013,1778
usage,1049360,2013,1777
usage,1048745,2015,1776
usage,1048902,2013,1776
usage,1050225,2013,1774
usage,310949,2013,1767
usage,147983,2013,1765
usage,1051269,2013,1753
usage,1050009,2013,1752
usage,1047322,2013,1751
usage,1047339,2013,1746
usage,1048415,2013,1746
usage,1047644,2013,1745
usage,1049132,2013,1741
usage,1050061,2013,1741
usage,1048832,2013,1737
usage,1049558,2013,1733
usage,158345,2013,1732
usage,1048478,2013,1730
usage,1050529,2013,1728
usage,1048224,2013,1724
usage,1049939,2013,1716
usage,1051810,2013,1716
usage,449439,2013,1716
usage,1051089,2013,1712
usage,1049181,2013,1708
usage,1051124,2013,1707
usage,1055621,2013,1707
usage,160427,2013,1703
usage,1047792,2013,1702
usage,456638,2013,1700
usage,1059077,2013,1697
usage,306726,2013,1697
usage,1050726,2013,1694
usage,1049426,2013,1693
usage,1056494,2013,1688
usage,444683,2013,1687
usage,446328,2013,1687
usage,432731,2013,1681
usage,1048740,2013,1677
usage,506350,2013,1673
usage,1047805,2013,1671
usage,1050099,2013,1670
usage,365011,2013,1666
usage,1079064,2014,1661
usage,144566,2013,1657
usage,1051182,2013,1656
usage,145999,2013,1656
usage,1050573,2013,1655
usage,356156,2013,1651
usage,1063153,2013,1641
usage,1057690,2013,1640
usage,1048486,2013,1639
usage,1051501,2013,1639
usage,318474,2013,1634
usage,140984,2013,1631
usage,1327095,2015,1628
usage,137709,2013,1622
usage,1050491,2013,1620
usage,1050029,2013,1616
usage,125437,2013,1616
usage,1031568,2013,1606
usage,137538,2013,1604
usage,1050272,2013,1603
usage,1051623,2013,1603
usage,1326467,2015,1603
usage,1049647,2013,1601
usage,1050637,2013,1601
usage,366171,2013,1597
usage,1047673,2013,1596
usage,1046275,2013,1595
usage,1048851,2013,1594
usage,1051886,2013,1589
usage,1118189,2013,1589
usage,1275306,2014,1587
usage,369464,2013,1586
usage,516208,2013,1582
usage,416861,2013,1580
usage,1047341,2013,1576
usage,447295,2013,1571
usage,1058289,2013,1566
usage,1250356,2014,1565
usage,1051559,2013,1562
usage,1093482,2013,1558
usage,1051376,2013,1544
usage,1080927,2013,1534
usage,363752,2013,1529
usage,1050831,2013,1526
usage,1050620,2013,1519
usage,1051558,2014,1517
usage,1048589,2013,1516
usage,1051069,2013,1511
usage,1057955,2013,1508
usage,1052261,2013,1504
usage,458542,2013,1503
usage,1055686,2014,1499
usage,1122005,2013,1499
usage,1046267,2013,1495
usage,1266187,2014,1487
usage,502001,2013,1485
usage,1050553,2013,1484
usage,442178,2013,1482
usage,1051595,2013,1472
usage,1050284,2013,1471
usage,1051328,2013,1468
usage,1048243,2013,1467
usage,1050202,2013,1465
usage,456241,2013,1465
usage,1049228,2013,1464
usage,1049648,2013,1461
usage,1047681,2013,1460
usage,411981,2013,1460
usage,1047331,2013,1445
usage,1052207,2013,1442
usage,1047314,2013,1440
usage,1050421,2013,1437
usage,1049165,2013,1434
usage,1050708,2013,1422
usage,1049964,2013,1415
usage,145141,2013,1413
usage,451179,2013,1408
usage,1050953,2013,1405
usage,1113650,2013,1403
usage,1051110,2013,1394
usage,1063737,2013,1393
usage,1051764,2013,1392
usage,1047600,2013,1391
usage,1047716,2013,1391
usage,1051464,2013,1385
usage,1050386,2013,1373
usage,1049131,2013,1372
usage,1049948,2013,1369
usage,1047771,2013,1368
usage,1049319,2013,1368
usage,200124605,2013,1368
usage,1104014,2014,1366
usage,1050739,2013,1363
usage,418832,2013,1361
usage,1046347,2013,1356
usage,1051516,2013,1356
usage,1052076,2013,1356
usage,306045,2013,1352
usage,148148,2013,1350
usage,1047680,2013,1348
usage,1068247,2013,1346
usage,1048235,2014,1345
usage,153884,2013,1330
usage,1048901,2013,1329
usage,1088945,2013,1329
usage,145434,2013,1328
usage,1046298,2013,1325
usage,121491,2013,1324
usage,1051708,2013,1323
usage,1189984,2013,1320
usage,1047712,2013,1313
usage,1050308,2013,1312
usage,1050918,2013,1309
usage,1121729,2014,1306
usage,1052023,2013,1304
usage,152327,2013,1299
usage,1050056,2013,1295
usage,508094,2013,1288
usage,1050538,2013,1285
usage,1080222,2013,1281
usage,1125968,2013,1281
usage,1051442,2013,1280
usage,1051645,2013,1278
usage,1049286,2013,1275
usage,508979,2013,1275
usage,1049394,2013,1274
usage,1087860,2013,1270
usage,1047511,2013,1266
usage,1052241,2013,1266
usage,458575,2013,1264
usage,1051704,2013,1262
usage,1052164,2013,1260
usage,1079785,2013,1256
usage,1047819,2013,1252
usage,1050148,2013,1251
usage,1058298,2013,1249
usage,1046349,2013,1248
usage,418355,2013,1242
usage,372491,2013,1241
usage,1050590,2013,1236
usage,1049199,2013,1218
usage,1051712,2013,1217
usage,1055783,2013,1216
usage,134744,2013,1216
usage,1046361,2013,1215
usage,153818,2013,1213
usage,1048413,2013,1208
usage,1048237,2013,1207
usage,1058899,2013,1207
usage,1049213,2013,1197
usage,1051466,2013,1192
usage,518043,2013,1192
usage,1112831,2013,1189
usage,1050096,2013,1187
usage,1050335,2013,1183
usage,516412,2013,1183
usage,1050916,2013,1182
usage,1051682,2013,1181
usage,143392,2013,1176
usage,1048250,2013,1168
usage,1050475,2013,1168
usage,442269,2013,1168
usage,1051546,2013,1159
usage,135408,2013,1159
usage,1050089,2013,1154
usage,444865,2013,1149
usage,1049512,2013,1146
usage,1062784,2013,1145
usage,1048471,2013,1144
usage,1052278,2013,1142
usage,1028474,2013,1141
usage,1051545,2013,1138
usage,1049539,2013,1136
usage,1051584,2013,1136
usage,1051642,2013,1135
usage,1049521,2013,1134
usage,1050557,2013,1132
usage,1051067,2013,1127
usage,138246,2013,1126
usage,1052174,2013,1124
usage,1050320,2013,1123
usage,1050653,2013,1122
usage,1051056,2013,1122
usage,1060505,2013,1121
usage,1051570,2013,1119
usage,306411,2013,1116
usage,1046248,2013,1113
usage,458597,2013,1111
usage,1050119,2013,1108
usage,1051498,2013,1104
usage,152859,2013,1102
usage,151437,2013,1101
usage,1050469,2013,1100
usage,407315,2013,1100
usage,1050764,2013,1098
usage,1048425,2013,1097
usage,155405,2013,1097
usage,419926,2013,1097
usage,517980,2013,1087
usage,1047794,2013,1086
usage,1048601,2013,1086
usage,450631,2013,1085
usage,1356940,2016,1083
usage,1046343,2014,1081
usage,1255230,2014,1077
usage,1050492,2013,1073
usage,1237664,2014,1072
usage,1049804,2015,1071
usage,1051327,2013,1069
usage,1049447,2013,1065
usage,449654,2013,1064
usage,1050376,2013,1061
usage,273208,2013,1058
usage,1142063,2013,1056
usage,1049432,2013,1054
usage,1050355,2013,1053
usage,122521,2013,1053
usage,1050625,2013,1050
usage,1061623,2013,1050
usage,237951,2013,1045
usage,1049366,2013,1043
usage,410932,2013,1042
usage,1047353,2013,1039
usage,1047610,2013,1038
usage,1049771,2013,1036
usage,1049435,2013,1034
usage,1063773,2013,1031
usage,1048620,2013,1026
usage,1050956,2013,1025
usage,1047197,2013,1020
usage,1058902,2013,1017
usage,1078925,2013,1007
usage,1049526,2013,1005
usage,1050845,2013,1005
usage,518677,2013,1002
usage,444854,2013,998
usage,1049236,2013,997
usage,1050595,2013,997
usage,1050656,2013,997
usage,1080432,2013,996
usage,1050767,2013,995
usage,1304975,2014,990
usage,143144,2013,990
usage,144307,2013,986
usage,1049031,2013,985
usage,1050551,2013,985
usage,1048530,2013,984
usage,434985,2013,984
usage,1050254,2013,983
usage,509246,2013,981
usage,1046326,2013,979
usage,1048849,2013,976
usage,1050919,2013,975
usage,1052021,2013,975
usage,1047318,2013,974
usage,1047345,2013,974
usage,1064745,2013,973
usage,1051553,2013,971
usage,1048734,2013,970
usage,1051092,2013,965
usage,1051515,2013,965
usage,1125951,2013,963
usage,1063016,2013,962
usage,1052188,2013,961
usage,1047129,2013,960
usage,1048689,2013,958
usage,1052253,2013,954
usage,156341,2013,951
usage,1051325,2013,947
usage,520657,2013,946
usage,1049541,2013,942
usage,453902,2013,940
usage,1047687,2013,938
usage,1050414,2013,935
usage,1049258,2013,933
usage,1050973,2013,926
usage,1050511,2013,925
usage,1051094,2013,923
usage,146696,2013,918
usage,1127561,2013,917
usage,159031,2013,917
usage,1047705,2013,913
usage,1050955,2013,912
usage,1300683,2014,912
usage,1048592,2013,908
usage,1077093,2014,908
usage,363741,2013,908
usage,516321,2013,908
usage,523407,2013,907
usage,1050976,2013,904
usage,136193,2013,901
usage,140736,2013,901
usage,1049340,2013,900
usage,1049603,2013,899
usage,362487,2013,899
usage,1082668,2013,898
usage,143610,2013,898
usage,1049138,2013,896
usage,1062494,2013,896
usage,154898,2013,896
usage,270866,2013,896
usage,1049975,2013,895
usage,1061380,2013,894
usage,508163,2013,893
usage,1048315,2013,892
usage,157706,2013,891
usage,1050362,2013,888
usage,1051550,2013,886
usage,CINFO108,2013,883
usage,1051652,2013,879
usage,442247,2013,878
usage,362578,2013,876
usage,1051589,2013,870
usage,1049818,2016,854
usage,383760,2013,854
usage,319739,2013,852
usage,1050752,2013,851
usage,434974,2013,851
usage,529821,2013,851
usage,1051059,2013,848
usage,451827,2013,848
usage,1050711,2013,845
usage,1047552,2013,841
usage,149211,2013,838
usage,1050314,2013,833
usage,518418,2013,833
usage,151971,2013,832
usage,1058188,2013,831
usage,1049162,2013,830
usage,155744,2013,828
usage,508629,2013,826
usage,1047679,2013,825
usage,1047834,2013,823
usage,137210,2013,823
usage,1051109,2013,821
usage,1066537,2013,812
usage,1048217,2016,810
usage,1050924,2013,808
usage,143982,2013,803
usage,517856,2013,801
usage,1051052,2013,796
usage,126167,2013,796
usage,376018,2013,794
usage,137764,2013,792
usage,369668,2013,790
usage,1047185,2013,789
usage,1047611,2013,789
usage,1062006,2013,789
usage,509461,2013,786
usage,1050262,2013,784
usage,1050418,2013,783
usage,153603,2013,783
usage,139409,2013,782
usage,1047653,2013,780
usage,1049025,2013,779
usage,1106183,2013,779
usage,1050954,2013,777
usage,458316,2013,775
usage,289591,2013,773
usage,1326464,2016,770
usage,437076,2013,770
usage,503545,2013,769
usage,1050208,2013,763
usage,1049235,2013,760
usage,1051661,2014,754
usage,143712,2013,754
usage,1002846,2013,751
usage,516230,2013,750
usage,1131769,2014,749
usage,1049294,2013,747
usage,1048422,2013,746
usage,138858,2013,745
usage,155165,2013,745
usage,504344,2013,745
usage,520726,2013,745
usage,1047786,2013,742
usage,1049991,2013,742
usage,1049204,2013,741
usage,1081430,2014,741
usage,1106196,2013,740
usage,1048220,2016,735
usage,1050482,2013,733
usage,1052485,2013,733
usage,1048609,2013,732
usage,1047655,2013,728
usage,1048686,2013,728
usage,160904,2013,728
usage,1047625,2013,727
usage,1050636,2013,727
usage,1051435,2013,727
usage,138011,2013,727
usage,1050517,2013,726
usage,153241,2013,724
usage,1077183,2013,721
usage,1047569,2013,719
usage,1051511,2013,719
usage,143632,2013,717
usage,446929,2013,715
usage,1050454,2013,712
usage,1050457,2014,712
usage,506248,2013,712
usage,144497,2013,706
usage,1050121,2013,703
usage,1049023,2013,701
usage,140259,2013,700
usage,1056532,2013,698
usage,1050342,2013,695
usage,1080219,2013,694
usage,444355,2013,694
usage,1052667,2013,692
usage,1050275,2013,691
usage,1051261,2013,691
usage,447080,2013,691
usage,150955,2013,689
usage,1049418,2013,686
usage,1051079,2013,685
usage,142196,2013,679
usage,1047338,2013,677
usage,1049466,2013,672
usage,1047719,2013,670
usage,1109292,2013,669
usage,1049994,2013,662
usage,1051919,2013,662
usage,1050160,2013,660
usage,1089103,2013,659
usage,125299,2013,658
usage,1049237,2016,654
usage,1050334,2013,654
usage,1049532,2013,652
usage,407348,2013,652
usage,1050828,2013,651
usage,508174,2013,649
usage,458564,2013,648
usage,1047308,2014,647
usage,1049221,2013,644
usage,1051242,2013,644
usage,305381,2013,644
usage,1046230,2013,640
usage,1240814,2014,638
usage,121979,2013,635
usage,516445,2013,635
usage,1046274,2013,634
usage,1058101,2013,634
usage,135463,2013,631
usage,312966,2013,631
usage,140430,2013,630
usage,1050392,2013,629
usage,1323291,2015,629
usage,135827,2013,629
usage,135441,2013,627
usage,508196,2013,622
usage,511463,2013,622
usage,1050073,2013,620
usage,1057688,2013,620
usage,450926,2013,620
usage,1048942,2013,619
usage,1050532,2013,619
usage,446501,2013,619
usage,147611,2013,618
usage,200125040,2013,618
usage,1049968,2015,616
usage,1262666,2014,615
usage,1051651,2013,613
usage,1047124,2013,610
usage,1049644,2013,610
usage,1088521,2013,609
usage,122632,2013,609
usage,1050784,2013,607
usage,1050632,2013,606
usage,1048927,2013,605
usage,1049448,2013,605
usage,1050669,2013,604
usage,1322528,2015,604
usage,1049795,2013,603
usage,1049946,2013,603
usage,1048042,2016,602
usage,1243637,2014,602
usage,140995,2013,602
usage,1050204,2013,601
usage,513083,2013,601
usage,1051510,2013,598
usage,1062567,2013,598
usage,1112327,2013,598
usage,1050357,2013,592
usage,1048225,2013,591
usage,1051197,2013,590
usage,1051686,2013,590
usage,1048565,2013,589
usage,1051483,2013,589
usage,1050344,2013,588
usage,1050826,2013,588
usage,1109120,2013,587
usage,1046273,2013,585
usage,1047525,2013,583
usage,1087508,2013,582
usage,362603,2013,582
usage,416451,2013,582
usage,158094,2013,581
usage,1049459,2013,576
usage,506882,2013,575
usage,1048304,2013,573
usage,1050605,2013,573
usage,152666,2013,572
usage,1063054,2013,571
usage,1049494,2014,570
usage,1049015,2013,569
usage,1047672,2013,568
usage,1125953,2013,568
usage,1048821,2013,567
usage,287723,2013,566
usage,1050500,2013,565
usage,1050468,2013,564
usage,1050908,2013,562
usage,1048472,2013,560
usage,1049455,2013,557
usage,1047545,2013,555
usage,1049212,2013,554
usage,1050814,2013,554
usage,1052481,2013,554
usage,518870,2013,553
usage,1050487,2013,552
usage,1047791,2013,551
usage,368858,2013,550
usage,1110067,2013,545
usage,1047303,2013,544
usage,1048542,2013,542
usage,1055426,2013,541
usage,1046365,2013,539
usage,1050332,2013,539
usage,138951,2013,539
usage,1050425,2013,535
usage,1051928,2013,533
usage,1051685,2013,532
usage,1048651,2013,530
usage,458451,2013,530
usage,1048198,2016,529
usage,1049331,2013,529
usage,1063739,2013,529
usage,449687,2013,529
usage,1294871,2014,527
usage,160551,2013,526
usage,1049826,2014,525
usage,1050077,2013,525
usage,1050772,2013,524
usage,1048817,2013,523
usage,1050474,2013,523
usage,1078723,2013,523
usage,139839,2013,523
usage,1083699,2013,521
usage,139737,2013,520
usage,1051597,2013,518
usage,1049226,2013,517
usage,1046342,2013,514
usage,1049454,2013,513
usage,CINFO103,2013,512
usage,1075321,2014,511
usage,1050634,2013,510
usage,1051244,2013,510
usage,1051647,2013,510
usage,1051561,2013,508
usage,1056386,2013,508
usage,1258571,2014,508
usage,1047682,2013,507
usage,1049179,2013,507
usage,1051161,2013,505
usage,1052421,2013,499
usage,449951,2013,498
usage,1048485,2013,497
usage,1057677,2013,496
usage,1051417,2013,494
usage,375988,2013,494
usage,1047709,2013,493
usage,1055797,2013,492
usage,1050270,2013,486
usage,1048822,2013,484
usage,1089939,2013,484
usage,510609,2013,484
usage,517845,2013,480
usage,1057408,2013,479
usage,140849,2013,479
usage,1050289,2014,478
usage,200125652,2013,478
usage,517470,2013,473
usage,1047690,2013,472
usage,1052177,2013,471
usage,1116629,2013,470
usage,1050259,2013,469
usage,145274,2013,469
usage,385267,2013,469
usage,444752,2013,469
usage,1047825,2016,468
usage,518001,2013,467
usage,1051502,2013,466
usage,1050718,2013,464
usage,1056801,2013,463
usage,1048039,2013,461
usage,1050403,2013,459
usage,1050933,2013,459
usage,352789,2013,459
usage,1047802,2013,458
usage,1049996,2013,458
usage,309881,2013,457
usage,1050478,2013,455
usage,129243,2014,453
usage,CCHITR517,2013,452
usage,1048218,2016,450
usage,1047132,2013,449
usage,1050740,2013,446
usage,1082030,2013,445
usage,1046381,2013,444
usage,1062671,2013,444
usage,375092,2013,444
usage,1047316,2013,443
usage,436381,2013,443
usage,1300999,2014,442
usage,1048607,2013,436
usage,1048861,2013,436
usage,1050054,2013,435
usage,458247,2013,435
usage,1048303,2013,431
usage,1047516,2013,430
usage,1049312,2013,429
usage,1049805,2016,429
usage,1373582,2016,429
usage,1078983,2013,428
usage,1051456,2013,427
usage,410987,2013,427
usage,1050171,2013,426
usage,1048916,2013,424
usage,1325442,2015,424
usage,314826,2013,424
usage,MERSKY,2013,424
usage,1051050,2013,422
usage,361407,2013,422
usage,1293661,2014,421
usage,1049160,2013,420
usage,1049990,2013,420
usage,1050064,2014,420
usage,148501,2013,419
usage,295958,2013,419
usage,1300281,2014,417
usage,1048691,2013,416
usage,136149,2013,416
usage,142389,2013,416
usage,1048474,2013,412
usage,1047717,2013,410
usage,1051513,2013,410
usage,125754,2013,410
usage,200124219,2013,410
usage,1048231,2013,409
usage,1125986,2013,409
usage,136615,2013,409
usage,1050811,2013,406
usage,1058900,2014,404
usage,155449,2013,404
usage,316242,2013,403
usage,1050046,2013,402
usage,1056528,2013,400
usage,1109283,2013,400
usage,1051892,2014,398
usage,1078720,2013,394
usage,1109119,2013,394
usage,1050349,2013,393
usage,1048532,2013,390
usage,1050668,2013,390
usage,1057957,2013,390
usage,363721,2013,390
usage,1047602,2013,388
usage,1047355,2013,387
usage,1051926,2013,387
usage,319397,2013,387
usage,1050109,2013,386
usage,1054163,2013,386
usage,1072683,2013,386
usage,1050252,2013,385
usage,1051125,2013,385
usage,1046314,2013,384
usage,1050290,2013,384
usage,1050176,2013,383
usage,1050843,2013,382
usage,141116,2013,379
usage,1028539,2013,378
usage,1047320,2013,375
usage,1047515,2013,375
usage,1234031,2013,374
usage,138031,2013,371
usage,1049330,2013,369
usage,1050572,2013,368
usage,1083762,2013,368
usage,1114934,2013,366
usage,145547,2013,365
usage,374761,2013,365
usage,1050322,2013,364
usage,1050917,2014,361
usage,1047620,2013,360
usage,1280373,2014,360
usage,1052491,2013,359
usage,1048236,2013,357
usage,139475,2013,356
usage,1051503,2013,355
usage,155493,2013,354
usage,1049392,2013,352
usage,1049422,2013,352
usage,1050319,2013,352
usage,1047701,2013,350
usage,1051525,2013,350
usage,417465,2013,350
usage,1057691,2013,349
usage,448152,2013,348
usage,1051585,2013,346
usage,445165,2013,344
usage,1049436,2013,342
usage,1048547,2013,339
usage,1050678,2013,339
usage,1051699,2013,339
usage,1078514,2013,339
usage,1050763,2013,338
usage,457528,2013,338
usage,1117319,2013,337
usage,1051324,2013,336
usage,1052165,2013,336
usage,1051163,2013,334
usage,160303,2013,333
usage,356043,2013,333
usage,442837,2013,333
usage,1048923,2013,332
usage,1050709,2013,331
usage,1051867,2013,331
usage,405116,2013,331
usage,1052420,2013,330
usage,515136,2013,330
usage,1062770,2013,329
usage,156851,2013,329
usage,124401,2013,328
usage,1050481,2013,325
usage,452138,2013,325
usage,1048841,2013,324
usage,516955,2013,324
usage,141661,2013,320
usage,1048910,2013,319
usage,1050312,2013,319
usage,1048655,2013,318
usage,1050606,2013,318
usage,522324,2013,318
usage,447342,2013,317
usage,1050193,2013,316
usage,1054157,2013,315
usage,CC4GOOGLE,2013,315
usage,1049338,2013,314
usage,1051514,2013,312
usage,1294889,2014,312
usage,451339,2014,312
usage,1048585,2013,311
usage,CINFO106,2013,311
usage,141182,2013,310
usage,441459,2013,310
usage,1046254,2013,309
usage,1052281,2013,308
usage,1051619,2013,307
usage,1387954,2016,305
usage,519895,2013,305
usage,1062572,2013,304
usage,1047518,2013,303
usage,525184,2013,302
usage,1109122,2013,301
usage,1047636,2013,299
usage,1080358,2013,299
usage,145591,2013,295
usage,1047810,2013,294
usage,1050292,2013,293
usage,1050650,2013,293
usage,1048908,2013,291
usage,1051505,2013,289
usage,1086705,2013,289
usage,289274,2013,288
usage,1047553,2013,287
usage,1051416,2013,287
usage,1300681,2014,286
usage,1051478,2013,285
usage,1048245,2013,283
usage,1049453,2013,283
usage,1049210,2013,280
usage,1265392,2014,280
usage,1050823,2013,278
usage,1051506,2013,277
usage,147145,2013,277
usage,1048475,2013,274
usage,1052011,2013,274
usage,1301104,2014,274
usage,452231,2013,273
usage,532623,2013,272
usage,1088847,2013,271
usage,1048302,2013,270
usage,1049304,2013,270
usage,1051091,2013,269
usage,1059311,2013,269
usage,1064731,2013,269
usage,1048650,2013,266
usage,1049161,2013,265
usage,151288,2013,264
usage,1049527,2013,263
usage,1050346,2013,263
usage,1050840,2013,263
usage,1300400,2014,263
usage,1051524,2013,262
usage,1060447,2013,262
usage,1049229,2013,260
usage,1052258,2013,260
usage,1047214,2013,259
usage,1051743,2014,258
usage,1047125,2013,254
usage,CCHITR516,2013,253
usage,1047793,2013,252
usage,1050411,2013,252
usage,1323766,2015,251
usage,138166,2013,250
usage,1050781,2013,249
usage,1046307,2013,248
usage,1048414,2013,248
usage,1050825,2013,248
usage,147271,2013,246
usage,446521,2013,244
usage,1047668,2013,243
usage,1048911,2013,243
usage,450948,2013,243
usage,1050359,2013,242
usage,1122976,2015,240
usage,145387,2013,239
usage,150966,2013,238
usage,1050526,2013,236
usage,1046374,2013,233
usage,1051552,2013,233
usage,1052272,2013,233
usage,1057985,2013,233
usage,1048223,2016,232
usage,149300,2013,232
usage,1047217,2013,231
usage,1051064,2013,230
usage,142301,2013,230
usage,1049457,2013,229
usage,1047330,2013,228
usage,505198,2013,228
usage,1049424,2013,227
usage,1051711,2013,227
usage,503669,2013,226
usage,146007,2013,225
usage,449381,2013,225
usage,1330407,2015,224
usage,457721,2013,224
usage,1047311,2013,223
usage,155201,2013,223
usage,1050693,2013,222
usage,1052247,2013,220
usage,448201,2013,219
usage,1050915,2013,216
usage,371091,2013,216
usage,1330271,2016,215
usage,150285,2013,215
usage,1062855,2013,213
usage,1108698,2013,213
usage,1051692,2013,212
usage,1050327,2013,211
usage,1057202,2015,211
usage,1058508,2013,211
usage,1308586,2014,211
usage,152815,2013,210
usage,1060427,2013,209
usage,1109124,2013,209
usage,1049438,2013,208
usage,1051557,2013,208
usage,1074465,2013,208
usage,1242347,2014,208
usage,1047196,2013,207
usage,1049801,2015,206
usage,1329197,2015,206
usage,1051540,2013,205
usage,1050191,2013,204
usage,CINFO107,2013,202
usage,1051434,2013,201
usage,1056806,2013,201
usage,1049369,2013,200
usage,1050214,2013,200
usage,1077899,2013,200
usage,1151403,2013,199
usage,1063734,2013,198
usage,289707,2013,196
usage,1050201,2013,194
usage,140292,2013,193
usage,1047582,2013,192
usage,1048038,2013,192
usage,1050490,2013,192
usage,532973,2013,192
usage,1049019,2013,188
usage,1051268,2013,188
usage,1256404,2014,188
usage,141943,2013,188
usage,148081,2013,188
usage,501856,2013,188
usage,1052020,2013,187
usage,459024,2013,187
usage,1002532,2013,186
usage,1049958,2013,184
usage,1057204,2013,184
usage,1301724,2014,184
usage,1047556,2013,183
usage,1064868,2013,182
usage,1212160,2013,182
usage,1050623,2016,181
usage,1074464,2013,181
usage,1050101,2014,179
usage,435423,2013,179
usage,437305,2013,179
usage,1048928,2013,178
usage,1050255,2013,178
usage,1294165,2014,178
usage,1052244,2013,177
usage,512091,2013,177
usage,1047336,2013,176
usage,123817,2013,176
usage,1305005,2014,176
usage,1049806,2013,175
usage,307491,2013,175
usage,1080884,2013,174
usage,521571,2013,174
usage,1047670,2014,173
usage,1081445,2013,173
usage,1323141,2015,173
usage,1051671,2013,171
usage,1063144,2013,171
usage,1323393,2015,171
usage,1049030,2013,170
usage,1050424,2013,170
usage,1324078,2016,170
usage,1047349,2014,169
usage,143064,2013,169
usage,1083649,2013,168
usage,141127,2013,168
usage,1050779,2013,167
usage,1114936,2013,167
usage,1050555,2013,166
usage,139260,2013,166
usage,1047772,2013,165
usage,139331,2014,165
usage,418774,2013,165
usage,444719,2013,164
usage,511383,2013,164
usage,1048627,2014,163
usage,1050654,2013,162
usage,1051565,2014,161
usage,1051367,2013,160
usage,329313,2013,160
usage,1048591,2013,159
usage,1056531,2013,159
usage,1262394,2014,159
usage,1304990,2014,159
usage,1078519,2013,157
usage,1300685,2014,157
usage,449701,2013,154
usage,1301097,2014,153
usage,1047335,2013,152
usage,1050761,2013,152
usage,1052489,2013,152
usage,1063820,2013,150
usage,310574,2013,150
usage,1077401,2013,149
usage,1048824,2013,148
usage,1049808,2013,148
usage,1050250,2013,148
usage,1051057,2013,148
usage,151947,2013,148
usage,1247900,2015,147
usage,149140,2013,146
usage,310563,2013,146
usage,517164,2013,145
usage,1050624,2013,144
usage,1304980,2014,143
usage,1050797,2013,142
usage,1058891,2013,142
usage,1049523,2013,141
usage,1058953,2013,141
usage,1073555,2013,141
usage,453458,2013,140
usage,1049412,2013,139
usage,1049415,2013,139
usage,1050111,2013,139
usage,1051046,2013,138
usage,139761,2013,138
usage,264251,2013,137
usage,1051482,2013,136
usage,1051170,2013,135
usage,1051454,2013,135
usage,1051742,2013,135
usage,1321820,2014,135
usage,1049793,2013,133
usage,1080987,2013,132
usage,151798,2013,132
usage,154606,2013,132
usage,160733,2013,132
usage,1049935,2013,131
usage,1055445,2013,131
usage,1060807,2013,131
usage,1066852,2013,131
usage,144318,2013,131
usage,411913,2013,131
usage,455737,2013,131
usage,517255,2013,131
usage,1047822,2016,130
usage,1049555,2015,130
usage,137957,2013,130
usage,142711,2013,130
usage,1050444,2013,129
usage,1051104,2013,127
usage,1242773,2014,127
usage,319681,2013,127
usage,416633,2013,127
usage,502316,2013,126
usage,1050673,2013,125
usage,1049430,2015,124
usage,1057349,2013,124
usage,1061622,2013,124
usage,1242361,2014,124
usage,1051636,2013,123
usage,1075852,2013,123
usage,445584,2013,123
usage,1048044,2016,121
usage,1051549,2013,121
usage,159166,2013,121
usage,327271,2013,121
usage,432276,2013,121
usage,1048612,2013,120
usage,1047517,2013,119
usage,1051632,2013,119
usage,1049444,2015,118
usage,138009,2013,118
usage,532929,2013,118
usage,144602,2013,117
usage,516172,2013,117
usage,1047607,2013,116
usage,1047761,2014,116
usage,1077182,2013,115
usage,311103,2013,113
usage,1051604,2013,111
usage,1063001,2015,111
usage,1081723,2013,111
usage,1048309,2013,110
usage,1049451,2013,109
usage,1050501,2013,108
usage,1054930,2013,108
usage,1081292,2013,108
usage,1047588,2013,106
usage,1125974,2013,106
usage,368847,2013,106
usage,1049371,2013,105
usage,1062007,2013,105
usage,1080197,2013,105
usage,1080203,2013,105
usage,1047751,2015,103
usage,1367663,2015,103
usage,1047619,2013,102
usage,1051088,2013,102
usage,1058901,2013,102
usage,1086749,2013,102
usage,157320,2013,102
usage,507728,2013,102
usage,1049442,2014,101
usage,1256401,2014,100
usage,1373342,2016,99
usage,1050471,2013,98
usage,1057377,2013,97
usage,1049433,2013,95
usage,136954,2013,95
usage,1047643,2013,93
usage,1050366,2013,93
usage,1050834,2013,93
usage,1050839,2013,93
usage,1058172,2015,93
usage,1388486,2016,93
usage,1051460,2013,92
usage,1050581,2013,91
usage,1051527,2016,91
usage,1125912,2013,91
usage,1050720,2013,90
usage,1322627,2015,90
usage,1051672,2013,89
usage,1047809,2013,87
usage,1326199,2015,87
usage,200125914,2013,87
usage,315104,2013,87
usage,1051378,2013,86
usage,1125961,2013,86
usage,144817,2013,86
usage,1052246,2013,85
usage,1050040,2013,84
usage,449392,2013,84
usage,1059175,2013,83
usage,1323387,2015,83
usage,154286,2013,83
usage,447069,2013,83
usage,1049396,2013,81
usage,1169941,2014,81
usage,1050959,2013,80
usage,369067,2013,80
usage,1050125,2013,79
usage,1125980,2013,79
usage,1294295,2014,79
usage,505531,2013,79
usage,1111368,2013,78
usage,1109117,2013,77
usage,140281,2013,77
usage,IUMS,2013,77
usage,1049408,2013,76
usage,1087858,2013,75
usage,1323155,2015,74
usage,521117,2013,73
usage,1046221,2013,72
usage,449563,2013,72
usage,450176,2013,72
usage,1084727,2013,71
usage,1264616,2014,70
usage,1050698,2013,69
usage,1051669,2013,69
usage,149413,2013,69
usage,1328922,2015,68
usage,404339,2013,68
usage,1050263,2013,67
usage,1302682,2014,67
usage,145731,2013,67
usage,445915,2013,67
usage,1049349,2013,66
usage,1050652,2013,66
usage,310871,2013,66
usage,1061146,2013,65
usage,145729,2013,65
usage,1044039,2013,64
usage,154051,2013,64
usage,335586,2013,64
usage,1050765,2014,63
usage,1050365,2013,62
usage,1048525,2013,61
usage,1051423,2014,61
usage,1331277,2015,61
usage,1049434,2014,60
usage,1050556,2013,60
usage,1050742,2013,60
usage,1051461,2013,60
usage,139497,2013,60
usage,452149,2013,60
usage,1050639,2013,59
usage,156543,2013,59
usage,1079539,2013,58
usage,1050796,2014,57
usage,1058007,2013,57
usage,520411,2013,57
usage,122326,2013,56
usage,152892,2013,56
usage,503862,2013,56
usage,1048665,2013,55
usage,1059152,2013,54
usage,153975,2013,54
usage,1049519,2013,53
usage,310042,2013,53
usage,CCPATINF,2013,53
usage,1051643,2013,52
usage,451022,2013,52
usage,456591,2013,52
usage,452400,2013,51
usage,1047676,2013,50
usage,1064481,2013,50
usage,444195,2013,50
usage,1050546,2016,49
usage,147972,2013,49
usage,1001339,2013,48
usage,1050141,2013,48
usage,1080210,2013,48
usage,152167,2013,48
usage,1046370,2013,47
usage,1046385,2014,47
usage,1046367,2013,46
usage,1050032,2013,46
usage,1049809,2013,45
usage,1049284,2013,44
usage,1050785,2013,44
usage,151302,2013,44
usage,160981,2013,44
usage,1060268,2013,43
usage,1051112,2013,42
usage,1056385,2013,42
usage,1109220,2013,42
usage,1112415,2013,42
usage,1087731,2013,41
usage,1304988,2014,41
usage,156463,2013,41
usage,503589,2013,41
usage,1050220,2014,40
usage,1081749,2013,40
usage,1127253,2013,40
usage,1050659,2014,39
usage,1051167,2013,39
usage,1372578,2016,39
usage,1433531,2016,39
usage,156623,2013,39
usage,456004,2013,39
usage,1050521,2013,38
usage,1051869,2013,38
usage,1047522,2013,37
usage,1048820,2013,37
usage,435875,2013,37
usage,1048046,2016,36
usage,1048424,2013,36
usage,1050447,2013,35
usage,1051551,2013,35
usage,1063738,2014,35
usage,1169150,2014,34
usage,1173552,2013,34
usage,1241642,2014,34
usage,143406,2013,34
usage,154741,2013,34
usage,447750,2013,34
usage,453287,2013,34
usage,1047347,2013,33
usage,1052280,2014,33
usage,1327643,2016,33
usage,1051576,2013,32
usage,1125984,2013,32
usage,125120,2013,32
usage,371058,2013,32
usage,385085,2013,32
usage,449825,2013,32
usage,1049336,2013,31
usage,1051539,2013,30
usage,453855,2013,30
usage,1047342,2013,29
usage,1052446,2013,29
usage,1052471,2013,29
usage,1387078,2016,29
usage,140190,2013,29
usage,452637,2013,29
usage,517415,2013,29
usage,1024132,2015,28
usage,1050641,2014,28
usage,1051806,2013,28
usage,137323,2013,28
usage,1385759,2016,28
usage,1051273,2013,27
usage,124150,2013,27
usage,451168,2015,27
usage,1046241,2013,26
usage,1049022,2013,26
usage,1051658,2014,26
usage,1076719,2013,26
usage,1304979,2014,26
usage,1336787,2015,26
usage,1047354,2013,25
usage,1047559,2013,25
usage,1050273,2013,25
usage,1080214,2013,25
usage,302714,2013,25
usage,449676,2013,25
usage,1047612,2013,24
usage,1050433,2013,24
usage,1057793,2013,24
usage,1077222,2013,24
usage,1051656,2013,23
usage,1080196,2013,23
usage,452397,2013,23
usage,1049827,2013,22
usage,1050651,2013,22
usage,1051321,2014,22
usage,1125973,2013,22
usage,148341,2013,22
usage,453888,2013,22
usage,1051491,2013,21
usage,1077374,2013,21
usage,1080207,2013,21
usage,152338,2013,21
usage,309939,2013,21
usage,1047510,2013,20
usage,1048037,2015,20
usage,1051882,2014,20
usage,1124534,2013,20
usage,319885,2013,20
usage,442280,2013,20
usage,444763,2013,20
usage,1050317,2013,19
usage,1050661,2013,19
usage,1050971,2013,19
usage,1051694,2013,19
usage,1059661,2016,19
usage,1113705,2013,19
usage,1293159,2015,19
usage,1301730,2014,19
usage,151710,2015,19
usage,450529,2013,19
usage,1049423,2015,18
usage,1050759,2013,18
usage,1070079,2016,18
usage,147892,2013,18
usage,450030,2013,18
usage,504071,2013,18
usage,1062234,2013,17
usage,1080218,2013,17
usage,1090058,2013,17
usage,1113043,2013,17
usage,1302683,2014,17
usage,1329147,2015,17
usage,1047730,2013,16
usage,1048610,2013,16
usage,1049299,2013,16
usage,1051413,2013,16
usage,1080200,2013,16
usage,1323538,2015,16
usage,326508,2013,16
usage,CC4MSNACAD,2013,16
usage,1049557,2016,15
usage,1300398,2014,15
usage,1050597,2015,14
usage,1086354,2013,14
usage,1271299,2014,14
usage,130211,2013,14
usage,1373922,2016,14
usage,1048681,2013,13
usage,1049421,2013,13
usage,1049551,2015,13
usage,1080199,2013,13
usage,153192,2013,13
usage,158301,2013,13
usage,435649,2013,13
usage,451634,2013,13
usage,1058956,2013,12
usage,1080217,2013,12
usage,1086018,2013,12
usage,1135997,2013,12
usage,1304983,2014,12
usage,1328280,2015,12
usage,140317,2014,12
usage,200126087,2013,12
usage,385868,2013,12
usage,416859,2014,12
usage,1048246,2016,11
usage,1048847,2013,11
usage,1050215,2013,11
usage,1052080,2013,11
usage,1063731,2013,11
usage,126021,2015,11
usage,416382,2013,11
usage,1048562,2013,10
usage,1050190,2013,10
usage,1050935,2013,10
usage,139921,2013,10
usage,364675,2013,10
usage,365929,2016,10
usage,1049024,2013,9
usage,1050730,2013,9
usage,1057197,2013,9
usage,1263854,2014,9
usage,143224,2013,9
usage,1047333,2015,8
usage,1047678,2013,8
usage,1049315,2013,8
usage,1050660,2013,8
usage,1050800,2013,8
usage,1134751,2013,8
usage,140962,2013,8
usage,369635,2014,8
usage,450143,2013,8
usage,CCHITR303,2013,8
usage,1049552,2014,7
usage,1050065,2013,7
usage,1050316,2014,7
usage,1050455,2014,7
usage,1050713,2014,7
usage,1051467,2013,7
usage,1068631,2013,7
usage,1109075,2013,7
usage,150886,2013,7
usage,156771,2013,7
usage,417636,2013,7
usage,TATHENS2,2013,7
usage,1003201,2015,6
usage,1047329,2013,6
usage,1049443,2014,6
usage,1050060,2013,6
usage,1050075,2013,6
usage,1051489,2013,6
usage,134291,2013,6
usage,156000,2013,6
usage,419074,2013,6
usage,443997,2013,6
usage,1049548,2014,5
usage,1050026,2013,5
usage,1050381,2014,5
usage,1051571,2014,5
usage,1079537,2013,5
usage,1114803,2013,5
usage,143279,2013,5
usage,304866,2013,5
usage,1050427,2013,4
usage,1050518,2014,4
usage,1050612,2014,4
usage,1084689,2014,4
usage,1088951,2013,4
usage,137811,2014,4
usage,142334,2013,4
usage,145820,2013,4
usage,150751,2013,4
usage,200123456,2013,4
usage,517492,2013,4
usage,522164,2013,4
usage,1048045,2016,3
usage,1049231,2013,3
usage,1049410,2013,3
usage,1049798,2013,3
usage,1050409,2013,3
usage,1050563,2013,3
usage,1050725,2014,3
usage,1051530,2013,3
usage,1051681,2013,3
usage,1087891,2013,3
usage,1265627,2016,3
usage,1282571,2014,3
usage,142072,2013,3
usage,161077,2016,3
usage,322289,2014,3
usage,366193,2013,3
usage,451838,2013,3
usage,528071,2013,3
usage,TATHENS,2013,3
usage,1047315,2013,2
usage,1047714,2015,2
usage,1047812,2013,2
usage,1048674,2014,2
usage,1049300,2013,2
usage,1050036,2015,2
usage,1050356,2013,2
usage,1050525,2014,2
usage,1050615,2013,2
usage,1050962,2013,2
usage,1051081,2015,2
usage,1051508,2013,2
usage,1051866,2013,2
usage,1076059,2013,2
usage,1077512,2013,2
usage,1080213,2013,2
usage,146539,2013,2
usage,148079,2013,2
usage,289321,2013,2
usage,318780,2015,2
usage,508469,2013,2
usage,526427,2013,2
usage,1047310,2015,1
usage,1047721,2016,1
usage,1049318,2014,1
usage,1049947,2013,1
usage,1050058,2016,1
usage,1050115,2014,1
usage,1050161,2013,1
usage,1050925,2013,1
usage,1051870,2014,1
usage,1063015,2013,1
usage,1063469,2015,1
usage,1063818,2013,1
usage,1080195,2016,1
usage,1084732,2013,1
usage,1301002,2014,1
usage,1388907,2016,1
usage,141331,2013,1
usage,160110,2014,1
usage,160813,2013,1
usage,237882,2014,1
usage,335021,2013,1
usage,356112,2014,1
usage,369453,2015,1
usage,452670,2015,1
usage,505653,2013,1
usage,T13434115,2013,1
usage,1046293,2013,0
usage,1050406,2013,0
usage,1050684,2014,0
usage,1050822,2016,0
usage,1051884,2013,0
usage,1060269,2016,0
usage,1063952,2013,0
usage,1160941,2014,0
usage,121640,2015,0
usage,124944,2015,0
usage,1326711,2015,0
usage,136069,2014,0
usage,138064,2013,0
usage,139635,2014,0
usage,1433133,2016,0
usage,146335,2013,0
usage,148523,2013,0
usage,148669,2015,0
usage,148953,2013,0
usage,151426,2013,0
usage,152280,2013,0
usage,156146,2014,0
usage,160165,2013,0
usage,160744,2014,0
usage,200125153,2013,0
usage,291391,2014,0
usage,385096,2013,0
usage,419096,2013,0
usage,449508,2013,0
usage,453061,2013,0
usage,459818,2014,0
usage,461221,2016,0
usage,TALLIS,2015,0
